Workbook
Name EME: #REF!
Name globalesA: #REF!

Sheet Hoja1
A2: Anio | B2: SMLV | C2: V SM | D2: IPC | F2: V SM*IPC
A3: 2021 | B3: 908526 | C3: 10.07 | D3: 5.62 | F3: 0.042132172
A4: 2022 | B4: 1000000 | C4: 16 | D4: 13.12 | F4: 0.025459689
A5: 2023 | B5: 1160000 | C5: 12.07 | D5: 9.28 | F5: 0.025530747
A6: 2024 | B6: 1300000 | C6: 13 | D6: 9.28 | F6: 0.025530747

Sheet Actualizacion cuadro 2024
E1: Con deslizamiento
A2: Tipo | B2: Descripción | C2: TOTAL | D2: Fecha de Corte | E2: Crecimiento Salario Mínimo | F2: Inflación | G2: Deslizamiento | H2: Crecimiento primer año IPC | I2: Crecimiento 2do año IPC | J2: IPC desde el 3er año | K2: Rango | L2: Salario Mín | M2: Codigo | N2: Archivo excel | O2: DIF | R2: 1 | S2: 2 | T2: 3 | U2: 4 | V2: 5 | W2: 6 | X2: 7 | Y2: 8 | Z2: 9 | AA2: 10 | AB2: 11 | AC2: 12 | AD2: 13 | AE2: 14 | AF2: 15 | AG2: 16 | AH2: 17
A3: base f394 | B3: Reservas (ene2024) | C3: 7822344.6 | D3: 45321 | E3: =+Parametros_1!$C$29/100 -> 0.16 | F3: =+Parametros_1!$D$29/100 -> 0.1312 | H3: =+(1+G4)*(H4+1)-1 -> 0.039116667 | I3: =+(1+G4)*(1+I4)*(H4+1)-1 -> 0.079676854 | J3: =+(1+G4)*(1+J4)*(1+I4)*(H4+1)-1 -> 0.11206716 | M3: calculo_pension.R | N3: FT394_ENE_2024.xlsx | Q3: Tasa | R3: 0 | S3: =+H6 -> 0.036633333 | T3: =+I6 -> 0.034566667 | U3: =+$J$6 -> 0.03 | V3: =+$J$6 -> 0.03 | W3: =+$J$6 -> 0.03 | X3: =+$J$6 -> 0.03 | Y3: =+$J$6 -> 0.03 | Z3: =+$J$6 -> 0.03 | AA3: =+$J$6 -> 0.03 | AB3: =+$J$6 -> 0.03 | ... AH3: =+$J$6 -> 0.03
A4: sin_desli | B4: Estimación sin deslizamiento (ene2024) | C4: 8263113.9 | D4: 45322 | G4: 0 | H4: =+Parametros_2!$D$44 -> 0.039116667 | I4: =+Parametros_2!$D$45 -> 0.039033333 | J4: 0.03 | K4: 2024:3000 | L4: 1300000 | M4: calculo_pension.R | N4: FT394_ENE_2024.xlsx | O4: =+C4/C3-1 -> 0.056347464 | P4: 0.0032724637 | Q4: IPC | R4: 0.01 | S4: =(1+S3) -> 1.0366333 | T4: =S4*(1+T3) -> 1.0724663 | U4: =T4*(1+U3) -> 1.1046403 | V4: =U4*(1+V3) -> 1.1377795 | W4: =V4*(1+W3) -> 1.1719129 | X4: =W4*(1+X3) -> 1.2070703 | Y4: =X4*(1+Y3) -> 1.2432824 | Z4: =Y4*(1+Z3) -> 1.2805808 | AA4: =Z4*(1+AA3) -> 1.3189983 | ... AH4: =AG4*(1+AH3) -> 1.6222015
A5: con_desl | B5: Con cambio en deslizamiento (ene2024) | C5: 9378867.9 | D5: 45322 | G5: =+Parametros_1!$H$37 -> 0.016742824 | H5: =+Parametros_2!$D$44 -> 0.039116667 | I5: =+Parametros_2!$D$45 -> 0.039033333 | J5: 0.03 | K5: 2024:3000 | L5: 1300000 | M5: calculo_pension.R | N5: FT394_ENE_2024.xlsx | O5: =+C5/C4-1 -> 0.13502828 | P5: 0.17551604 | Q5: SMLV | R5: =+L4 -> 1300000 | S5: =+$R$5*S4 -> 1347623.3 | T5: =+$R$5*T4 -> 1394206.2 | U5: =+$R$5*U4 -> 1436032.4 | V5: =+$R$5*V4 -> 1479113.3 | W5: =+$R$5*W4 -> 1523486.7 | X5: =+$R$5*X4 -> 1569191.3 | Y5: =+$R$5*Y4 -> 1616267.1 | Z5: =+$R$5*Z4 -> 1664755.1 | ... AH5: =+$R$5*AH4 -> 2108861.9
A6: con_desl_IPC | B6: Con cambio en aumentos IPC (ene 2024) | C6: 9379124.4 | D6: 45322 | G6: =+Parametros_1!$H$37 -> 0.016742824 | H6: =+Parametros_3!$D$34 -> 0.036633333 | I6: =+Parametros_3!$D$35 -> 0.034566667 | J6: 0.03 | K6: 2024:3000 | L6: 1300000 | M6: calculo_pension.R | N6: FT394_ENE_2024.xlsx | O6: =+C6/C5-1 -> 2.734433e-05 | P6: 0.0001718577 | Q6: ESC0 | R6: 0.01 | S6: =(1+S3)*(1+0.0167) -> 1.0539451 | T6: =S6*(1+T3)*(1+0.0167) -> 1.1085858 | U6: =T6*(1+U3)*(1+0.0167) -> 1.1609121 | V6: =U6*(1+V3)*(1+0.0167) -> 1.2157083 | W6: =V6*(1+W3)*(1+0.0167) -> 1.273091 | X6: =W6*(1+X3)*(1+0.0167) -> 1.3331822 | Y6: =X6*(1+Y3)*(1+0.0167) -> 1.3961097 | Z6: =Y6*(1+Z3)*(1+0.0167) -> 1.4620075 | AA6: =Z6*(1+AA3)*(1+0.0167) -> 1.5310157 | ... AH6: =AG6*(1+AH3)*(1+0.0167) -> 2.1144137
A7: con_desl_fch_corte | B7: Con cambio en fecha de corte (ene2025) | C7: 9196527.6 | D7: 45688 | G7: =+Parametros_1!$H$37 -> 0.016742824 | H7: =+Parametros_3!$D$34 -> 0.036633333 | I7: =+Parametros_3!$D$35 -> 0.034566667 | J7: 0.03 | K7: 2024:3000 | L7: 1300000 | M7: calculo_pension-SLMV.R | N7: FT394_ENE_2024.xlsx-fecha-corte | O7: =+C7/C6-1 -> -0.019468431 | P7: -0.0029316993 | Q7: SMLV | R7: =+L4 -> 1300000 | S7: =+$R$7*S6 -> 1370128.6 | T7: =+$R$7*T6 -> 1441161.5 | U7: =+$R$5*T6 -> 1441161.5 | V7: =+$R$5*V6 -> 1580420.8 | W7: =+$R$5*W6 -> 1655018.3 | X7: =+$R$5*X6 -> 1733136.8 | Y7: =+$R$5*Y6 -> 1814942.6 | Z7: =+$R$5*Z6 -> 1900609.7 | AA7: =+$R$5*AA6 -> 1990320.4 | AB7: =+$R$5*AB6 -> 2084265.5 | AC7: =+$R$5*AC6 -> 2182644.9 | ... AH7: =+$R$5*AH6 -> 2748737.9
A8: con_desl_cam_mesa | B8: Con cambios en valor de la mesada (ene2025) | C8: 10207390 | D8: 45688 | E8: =+Parametros_1!$C$30/100 -> 0.1207 | F8: =+Parametros_1!$D$30/100 -> 0.0928 | G8: =+Parametros_1!$H$37 -> 0.016742824 | H8: =+Parametros_3!$D$34 -> 0.036633333 | I8: =+Parametros_3!$D$35 -> 0.034566667 | J8: 0.03 | K8: 2025:3000 | L8: 1456910 | M8: calculo_pension-SLMV.R | N8: data/FT394_ENE_2024 - cambio 13SMMLV.xlsx-fecha-corte | O8: =+C8/C7-1 -> 0.10991785 | P8: 0.14515941 | Q8: Deslizamiento | R8: =+R7-R5 -> 0 | S8: =+S7-S5 -> 22505.31 | T8: =+T7-T5 -> 46955.317 | U8: =+U7-U5 -> 5129.1312 | V8: =+V7-V5 -> 101307.5 | W8: =+W7-W5 -> 131531.54 | X8: =+X7-X5 -> 163945.46 | Y8: =+Y7-Y5 -> 198675.51 | ... AH8: =+AH7-AH5 -> 639875.93
A9: con_desl_cam_mesa2 | B9: Con cambios en valor de la mesada (ene2024) | C9: 9640286.1 | D9: 45688 | E9: 0.2 | F9: =+Parametros_1!D30/100 -> 0.0928 | G9: =+Parametros_1!$H$37 -> 0.016742824 | H9: =+Parametros_3!$D$34 -> 0.036633333 | I9: =+Parametros_3!$D$35 -> 0.034566667 | J9: 0.03 | K9: 2025:3000 | L9: 1560000 | M9: calculo_pension-SLMV.R | N9: data/FT394_ENE_2024 - cambio 20SMMLV.xlsx-fecha-corte | O9: =+C9/C8-1 -> -0.055558184 | P9: 0.025482684
Q10: =+Parametros_1!$H$37 -> 0.016742824 | R10: =+R8/R5 -> 0 | S10: =+S8/S5 -> 0.0167 | T10: =+T8/T5 -> 0.03367889 | U10: =+U8/U5 -> 0.0035717379 | V10: =+V8/V5 -> 0.068492048 | W10: =+W8/W5 -> 0.086335865 | X10: =+X8/X5 -> 0.10447767 | Y10: =+Y8/Y5 -> 0.12292245 | ... AH10: =+AH8/AH5 -> 0.30342239
E11: Sin deslizamiento
A12: Tipo | B12: Descripción | C12: TOTAL | D12: Fecha de Corte | E12: Crecimiento Salario mínimo | F12: Inflación | G12: Deslizamiento | H12: Crecimiento primer año IPC | I12: Crecimiento 2do año IPC | J12: IPC desde el 3er año | K12: Rango | L12: Salario Mín | M12: Codigo | O12: DIF
A13: base | B13: Reservas (ene2024) | C13: 7822344.6 | D13: 45321 | E13: =+Parametros_1!$C$29/100 -> 0.16 | F13: =+Parametros_1!$D$29/100 -> 0.1312 | M13: calculo_pension.R | N13: FT394_ENE_2024.xlsx | O13: =+C13/C3-1 -> 0 | P13: 0
A14: sin_desli | B14: Estimación sin deslizamiento (ene2024) | C14: 8263113.9 | D14: 45322 | G14: 0 | H14: =+Parametros_2!$D$44 -> 0.039116667 | I14: =+Parametros_2!$D$45 -> 0.039033333 | J14: 0.03 | K14: 2024:3000 | L14: 1300000 | M14: calculo_pension.R | N14: FT394_ENE_2024.xlsx | O14: =+C14/C4-1 -> 0 | P14: 0
A15: sin_desl | B15: Con cambio en deslizamiento (ene2024) | C15: 8263113.9 | D15: 45322 | K15: 2024:3000 | N15: FT394_ENE_2024.xlsx | O15: =+C15/C5-1 -> -0.11896468 | P15: -0.14930978
A16: sin_desl_IPC | B16: Con cambio en aumentos IPC (ene 2024) | C16: 8263379.8 | D16: 45322 | G16: 0 | H16: =+Parametros_3!$D$34 -> 0.036633333 | I16: =+Parametros_3!$D$35 -> 0.034566667 | J16: 0.03 | K16: 2024:3000 | L16: 1300000 | M16: calculo_pension.R | N16: FT394_ENE_2024.xlsx | O16: =+C16/C6-1 -> -0.11896043 | P16: -0.14928888
A17: sin_desl_fch_corte | B17: Con cambio en fecha de corte (ene2025) | C17: 8122184 | D17: 45688 | G17: 0 | H17: =+Parametros_3!$D$34 -> 0.036633333 | I17: =+Parametros_3!$D$35 -> 0.034566667 | J17: 0.03 | K17: 2024:3000 | L17: 1300000 | M17: calculo_pension-SLMV.R | N17: FT394_ENE_2024.xlsx-fecha-corte | O17: =+C17/C7-1 -> -0.11682057 | P17: -0.15656251
A18: sin_desl_cam_mesa | B18: Con cambios en valor de la mesada (ene2025) | C18: 8953893.1 | D18: 45688 | E18: =+Parametros_1!$C$30/100 -> 0.1207 | F18: =+Parametros_1!$D$30/100 -> 0.0928 | G18: 0 | H18: =+Parametros_3!$D$34 -> 0.036633333 | I18: =+Parametros_3!$D$35 -> 0.034566667 | J18: 0.03 | K18: 2025:3000 | L18: 1456910 | M18: calculo_pension-SLMV.R | N18: data/FT394_ENE_2024 - cambio 13SMMLV.xlsx-fecha-corte | O18: =+C18/C8-1 -> -0.12280289 | P18: -0.15312434
A19: sin_desl_cam_mesa2 | B19: Con cambios en valor de la mesada (ene2024) | C19: 7946317.9 | D19: 45688 | E19: 0.2 | F19: =+F18 -> 0.0928 | G19: 0 | H19: =+Parametros_3!$D$34 -> 0.036633333 | I19: =+Parametros_3!$D$35 -> 0.034566667 | J19: 0.03 | K19: 2024:3000 | L19: 1560000 | M19: calculo_pension-SLMV.R | N19: data/FT394_ENE_2024 - cambio 20SMMLV.xlsx-fecha-corte | O19: =+C19/C9-1 -> -0.17571763 | P19: -0.15706544

Sheet Parametros_1
A1: AÑO | B1: Salario Mínimo | C1: Variación SM | D1: IPC | F1: MULT
A2: 199512 | C2: 19.5 | D2: 19.46 | F2: =((1+(C2/100))/(1+(D2/100)))-1 -> 0.00033484011
A3: 199612 | C3: 21 | D3: 21.63 | F3: =((1+(C3/100))/(1+(D3/100)))-1 -> -0.0051796432
A4: 199712 | C4: 18.5 | D4: 17.68 | F4: =((1+(C4/100))/(1+(D4/100)))-1 -> 0.0069680489
A5: 199812 | C5: 16 | D5: 16.7 | F5: =((1+(C5/100))/(1+(D5/100)))-1 -> -0.0059982862
A6: 199912 | B6: 260100 | C6: 10 | D6: 9.23 | F6: =((1+(C6/100))/(1+(D6/100)))-1 -> 0.0070493454
A7: 200012 | B7: 286000 | C7: 10 | D7: 8.75 | F7: =((1+(C7/100))/(1+(D7/100)))-1 -> 0.011494253
A8: 200112 | B8: 309000 | C8: 8 | D8: 7.65 | F8: =((1+(C8/100))/(1+(D8/100)))-1 -> 0.0032512773
A9: 200212 | B9: 332000 | C9: 7.4 | D9: 6.99 | F9: =((1+(C9/100))/(1+(D9/100)))-1 -> 0.0038321338
A10: 200312 | B10: 358000 | C10: 7.8 | D10: 6.49 | F10: =((1+(C10/100))/(1+(D10/100)))-1 -> 0.012301625
A11: 200412 | B11: 381500 | C11: 6.6 | D11: 5.5 | F11: =((1+(C11/100))/(1+(D11/100)))-1 -> 0.01042654
A12: 200512 | B12: 408000 | C12: 6.9 | D12: 4.85 | F12: =((1+(C12/100))/(1+(D12/100)))-1 -> 0.019551741
A13: 200612 | B13: 433700 | C13: 6.3 | D13: 4.48 | F13: =((1+(C13/100))/(1+(D13/100)))-1 -> 0.017419602
A14: 200712 | B14: 461500 | C14: 6.4 | D14: 5.69 | F14: =((1+(C14/100))/(1+(D14/100)))-1 -> 0.0067177595
A15: 200812 | B15: 496900 | C15: 7.7 | D15: 7.67 | F15: =((1+(C15/100))/(1+(D15/100)))-1 -> 0.00027862914
A16: 200912 | B16: 515000 | C16: 3.6 | D16: 2 | F16: =((1+(C16/100))/(1+(D16/100)))-1 -> 0.015686275
A17: 201012 | B17: 535600 | C17: 4 | D17: 3.17 | F17: =((1+(C17/100))/(1+(D17/100)))-1 -> 0.0080449743
... A30: 202312 | B30: 1300000 | C30: 12.07 | D30: 9.28 | F30: =((1+(C30/100))/(1+(D30/100)))-1 -> 0.025530747
C31: 20 | D31: 9.28
A35: Cambio de mesadas
B36: SLMV | F36: 5 años | G36: 10 años | H36: 20 años | I36: todo
A37: SLMV 2024 | B37: =+B30 -> 1300000 | E37: =AVERAGE(F2:F28) -> 0.01193929 | F37: =AVERAGE(F25:F30) -> 0.026708104 | G37: =AVERAGE(F20:F30) -> 0.020526621 | H37: =AVERAGE(F10:F30) -> 0.016742824 | I37: =AVERAGE(F2:F30) -> 0.012874182
A38: Varacion | B38: =+(1+((C30)/100))*$B$37 -> 1456910 | E38: Sin Imp COVID | H38: =AVERAGE(F10:F26) -> 0.014110362
A39: Variacion estimada para 2024 | B39: =+(1+(INT(C31)/100))*$B$37 -> 1560000
H41: 157
H42: 167
H43: 147
H44: 131
H45: 141
H46: 51

Sheet Parametros_2
C4: Expectativas de Inflación
C6: Estadística | D6: Promedio | E6: Mínimo | F6: Máximo | G6: No. encuestados
C7: % mensual en enero de 2024 | D7: 0.0093297297 | E7: 0.0051 | F7: 0.0135 | G7: 40
C8: % anual en diciembre de 2024 | D8: 0.055000475 | E8: 0.044 | F8: 0.0781 | G8: 40
C9: % anual en enero de 2025 | D9: 0.051277973 | E9: 0.0396 | F9: 0.0721 | G9: 37
C10: % anual en diciembre de 2025 | D10: 0.038520385 | E10: 0.03 | F10: 0.061695 | G10: 39
C11: % anual en enero de 2026 | D11: 0.037120229 | E11: 0.0292 | F11: 0.061608 | G11: 35
C13: Expectativas de Inflación sin alimentos
C15: Estadística | D15: Promedio | E15: Mínimo | F15: Máximo | G15: No. encuestados
C16: % mensual en enero de 2024 | D16: 0.009621875 | E16: 0.006 | F16: 0.0147 | G16: 32
C17: % anual en diciembre de 2024 | D17: 0.05351875 | E17: 0.04 | F17: 0.0707 | G17: 32
C18: % anual en enero de 2025 | D18: 0.048736667 | E18: 0.0323 | F18: 0.068 | G18: 30
C19: % anual en diciembre de 2025 | D19: 0.037016129 | E19: 0.0253 | F19: 0.0522 | G19: 31
C20: % anual en enero de 2026 | D20: 0.034813793 | E20: 0.022 | F20: 0.0463 | G20: 29
C22: Expectativas de TRM fin de período
C24: Estadística | D24: Promedio | E24: Mínimo | F24: Máximo | G24: No. encuestados
C25: A enero de 2024 | D25: 3934.303 | E25: 3803 | F25: 4250 | G25: 37
C26: A diciembre de 2024 | D26: 4004.0026 | E26: 3339.5 | F26: 4400 | G26: 38
C27: A enero de 2025 | D27: 3985.7514 | E27: 3263.55 | F27: 4400 | G27: 36
C28: A diciembre de 2025 | D28: 3983.7275 | E28: 3119.19 | F28: 4500 | G28: 36
C29: A enero de 2026 | D29: 3973.4434 | E29: 3035.19 | F29: 4440 | G29: 32
C31: Expectativas Tasa de Intervención
C33: Estadística | D33: 45322 | E33: 45351 | F33: 45382 | G33: 45412 | H33: 45443 | I33: 45473 | J33: 45504 | K33: 45535 | L33: 45565 | M33: 45596 | N33: 45626 | O33: 45657 | P33: 45688 | Q33: 45716 | R33: 45747 | S33: 45777 | T33: 45808 | U33: 45838 | V33: 45869 | W33: 45900 | X33: 45930 | Y33: 45961 | Z33: 45991 | AA33: 46022 | AB33: 46053
C34: Promedio | D34: 0.12638158 | E34: 0.12605263 | F34: 0.12131579 | G34: 0.11598684 | H34: 0.11565789 | I34: 0.10907895 | J34: 0.10277027 | K34: 0.10256757 | L34: 0.095945946 | M34: 0.089594595 | N34: 0.089459459 | O34: 0.082763158 | P34: 0.078214286 | Q34: 0.077142857 | R34: 0.072357143 | S34: 0.068785714 | T34: 0.068285714 | U34: 0.065 | V34: 0.062357143 | W34: 0.061628571 | X34: 0.059214286 | Y34: 0.058382353 | Z34: 0.058382353 | AA34: 0.056928571 | AB34: 0.055808824
C35: Mínimo | D35: 0.125 | E35: 0.12 | F35: 0.115 | G35: 0.105 | H35: 0.105 | I35: 0.095 | J35: 0.085 | K35: 0.085 | L35: 0.08 | M35: 0.075 | N35: 0.075 | O35: 0.07 | P35: 0.065 | Q35: 0.055 | R35: 0.055 | S35: 0.05 | T35: 0.05 | U35: 0.045 | V35: 0.045 | W35: 0.045 | X35: 0.045 | Y35: 0.045 | Z35: 0.045 | AA35: 0.045 | AB35: 0.045
C36: Máximo | D36: 0.13 | E36: 0.13 | F36: 0.1275 | G36: 0.1225 | H36: 0.1225 | I36: 0.1175 | J36: 0.115 | K36: 0.1125 | L36: 0.1075 | M36: 0.1025 | N36: 0.1025 | O36: 0.0975 | P36: 0.0975 | Q36: 0.095 | R36: 0.09 | S36: 0.09 | T36: 0.09 | U36: 0.09 | V36: 0.09 | W36: 0.08 | X36: 0.0775 | Y36: 0.075 | Z36: 0.075 | AA36: 0.075 | AB36: 0.075
C38: Expectativas de Inflación de los Cinco Mejores Informantes
C40: Estadística | D40: Promedio
C41: % mensual en enero de 2024 | D41: 0.0094166667
C42: % anual en diciembre de 2024 | D42: 0.051666667
C43: % anual en enero de 2025 | D43: 0.047283333
C44: % anual en diciembre de 2025 | D44: 0.039116667
C45: % anual en enero de 2026 | D45: 0.039033333
C47: Fecha corte: | D47: res_inf_ene2024 | F47: https://www.banrep.gov.co/es/resultados-mensuales-expectativas-analistas-economicos?field_date_format_value=All&page=0%22

Sheet Parametros_3
C1: RESUMEN, RESULTADOS DE LA ENCUESTA MENSUAL DE EXPECTATIVAS ECONÓMICAS
C2: Fecha de realización: del 10 de abril al 12 de abril de 2024
C3: Expectativas de Inflación
C4: Estadística | D4: Promedio | E4: Mínimo | F4: Máximo | G4: No. encuestados
C5: % mensual en abril de 2024 | D5: 0.0056641026 | E5: 0.0039 | F5: 0.0071 | G5: 40
C6: % anual en diciembre de 2024 | D6: 0.056209756 | E6: 0.044 | F6: 0.0705 | G6: 41
C7: % anual en abril de 2025 | D7: 0.046659519 | E7: 0.0358 | F7: 0.0686 | G7: 41
C8: % anual en diciembre de 2025 | D8: 0.039007143 | E8: 0.03 | F8: 0.0613 | G8: 42
C9: % anual en abril de 2026 | D9: 0.036124324 | E9: 0.03 | F9: 0.0571 | G9: 37
C10: Expectativas de Inflación sin alimentos
C11: Estadística | D11: Promedio | E11: Mínimo | F11: Máximo | G11: No. encuestados
C12: % mensual en abril de 2024 | D12: 0.0052606061 | E12: 0.0023 | F12: 0.0069 | G12: 33
C13: % anual en diciembre de 2024 | D13: 0.056548571 | E13: 0.043 | F13: 0.0643 | G13: 35
C14: % anual en abril de 2025 | D14: 0.044567315 | E14: 0.034 | F14: 0.0558 | G14: 34
C15: % anual en diciembre de 2025 | D15: 0.037020588 | E15: 0.0253 | F15: 0.0514 | G15: 34
C16: % anual en abril de 2026 | D16: 0.03467957 | E16: 0.025 | F16: 0.0513 | G16: 31
C17: Expectativas de TRM fin de período
C18: Estadística | D18: Promedio | E18: Mínimo | F18: Máximo | G18: No. encuestados
C19: A abril de 2024 | D19: 3844.7112 | E19: 3750 | F19: 3945 | G19: 41
C20: A diciembre de 2024 | D20: 3999.3764 | E20: 3700 | F20: 4264 | G20: 42
C21: A abril de 2025 | D21: 3987.4834 | E21: 3500 | F21: 4250 | G21: 41
C22: A diciembre de 2025 | D22: 4020.2465 | E22: 3400 | F22: 4415 | G22: 40
C23: A abril de 2026 | D23: 4021.1397 | E23: 3400 | F23: 4500 | G23: 37
C24: Expectativas Tasa de Intervención
C25: Estadística | D25: 45412 | E25: 45443 | F25: 45473 | G25: 45504 | H25: 45535 | I25: 45565 | J25: 45596 | K25: 45626 | L25: 45657 | M25: 45688 | N25: 45716 | O25: 45747 | P25: 45777 | Q25: 45808 | R25: 45838 | S25: 45869 | T25: 45900 | U25: 45930 | V25: 45961 | W25: 45991 | X25: 46022 | Y25: 46053 | Z25: 46081 | AA25: 46112 | AB25: 46142
C26: Promedio | D26: 0.11743902 | E26: 0.11743902 | F26: 0.11164634 | G26: 0.1053125 | H26: 0.1051875 | I26: 0.0984375 | J26: 0.0918125 | K26: 0.09175 | L26: 0.084390244 | M26: 0.07925 | N26: 0.07875 | O26: 0.0735 | P26: 0.069375 | Q26: 0.0693125 | R26: 0.065192308 | S26: 0.061858974 | T26: 0.061410256 | U26: 0.058974359 | V26: 0.057628205 | W26: 0.057628205 | X26: 0.055875 | Y26: 0.05472973 | Z26: 0.054189189 | AA26: 0.053243243 | AB26: 0.052635135
C27: Mínimo | D27: 0.115 | E27: 0.115 | F27: 0.1075 | G27: 0.1 | H27: 0.1 | I27: 0.09 | J27: 0.0825 | K27: 0.0825 | L27: 0.075 | M27: 0.07 | N27: 0.07 | O27: 0.06 | P27: 0.06 | Q27: 0.06 | R27: 0.0525 | S27: 0.05 | T27: 0.05 | U27: 0.0475 | V27: 0.0425 | W27: 0.0425 | X27: 0.0425 | Y27: 0.04 | Z27: 0.04 | AA27: 0.03 | AB27: 0.03
C28: Máximo | D28: 0.1225 | E28: 0.1225 | F28: 0.12 | G28: 0.1125 | H28: 0.1125 | I28: 0.1075 | J28: 0.105 | K28: 0.105 | L28: 0.1 | M28: 0.1 | N28: 0.09 | O28: 0.09 | P28: 0.09 | Q28: 0.09 | R28: 0.08 | S28: 0.08 | T28: 0.075 | U28: 0.075 | V28: 0.07 | W28: 0.07 | X28: 0.07 | Y28: 0.07 | Z28: 0.0675 | AA28: 0.0675 | AB28: 0.0675
C29: Expectativas de Inflación de los Cinco Mejores Informantes
C30: Estadística | D30: Promedio
C31: % mensual en abril de 2024 | D31: 0.00582
C32: % anual en diciembre de 2024 | D32: 0.054466667 | E32: 1er
C33: % anual en abril de 2025 | D33: 0.04175
C34: % anual en diciembre de 2025 | D34: 0.036633333 | E34: 2do
C35: % anual en abril de 2026 | D35: 0.034566667
C44: Fecha corte: | D44: res_inf_abr2024 | F44: https://www.banrep.gov.co/es/resultados-mensuales-expectativas-analistas-economicos?field_date_format_value=All&page=0%22

Sheet RSV_CIA
A1: Con cambios en valor de la mesada (ene2024) | B1: Deslizamiento-multiplicativo | K1: Con cambios en valor de la mesada (ene2024) | L1: Deslizamiento-aditivo
A2: COMPANIA | B2: 0 | C2: 0.0177 | D2: 0.016742824 | E2: 0.0157 | F2: =+G2+0.001 -> 0.0151 | G2: 0.0141 | H2: 0.0131 | K2: COMPANIA | L2: 0 | M2: 0.0177 | N2: 0.016742824 | O2: 0.0157 | P2: =+Q2+0.001 -> 0.0151 | Q2: 0.0141 | R2: 0.0131
A3: ALFA | B3: 69627.197 | C3: 78130.774 | D3: 77508.745 | E3: 76904.969 | F3: 76551.204 | G3: 75975.804 | H3: 75417.615 | I3: =+B19-D3 -> -12241.977 | J3: =+I3/B19 -> -0.1875683 | K3: ALFA | L3: 69627.856 | M3: 77788.376 | N3: 77195.01 | O3: 76618.408 | P3: 76280.541 | Q3: 75730.4 | R3: 75196.33 | S3: =+B19-N3 -> -11928.241 | T3: =+S3/B19 -> -0.18276133
A4: ALLIANZ | B4: 106372.15 | C4: 113473.88 | D4: 112925.06 | E4: 112395.45 | F4: 112086.75 | G4: 111587.21 | H4: 111105.72 | I4: =+B20-D4 -> -1790.5437 | J4: =+I4/B20 -> -0.016111499 | K4: ALLIANZ | L4: 106375.41 | M4: 113174.4 | N4: 112652.35 | O4: 112148.22 | P4: 111854.15 | Q4: 111377.95 | R4: 110918.73 | S4: =+B20-N4 -> -1517.8319 | T4: =+S4/B20 -> -0.01365761
A5: AURORA | B5: 7868.1435 | C5: 9920.8853 | D5: 9781.4555 | E5: 9645.0373 | F5: 9564.599 | G5: 9432.9197 | H5: 9304.0585 | I5: =+B21-D5 -> -354.12865 | J5: =+I5/B21 -> -0.037564057 | K5: AURORA | L5: 7868.3724 | M5: 9844.2611 | N5: 9710.6855 | O5: 9579.9039 | P5: 9502.7855 | Q5: 9376.4154 | R5: 9252.678 | S5: =+B21-N5 -> -283.35864 | T5: =+S5/B21 -> -0.030057157
A6: BBVA SEGUROS | B6: 62874.283 | C6: 66766.552 | D6: 66351.93 | E6: 65956.386 | F6: 65727.997 | G6: 65366.598 | H6: 65024.649 | I6: =+B22-D6 -> -9261.0347 | J6: =+I6/B22 -> -0.16221562 | K6: BBVA SEGUROS | L6: 62876.302 | M6: 66541.847 | N6: 66149.499 | O6: 65774.934 | P6: 65560.326 | Q6: 65218.981 | R6: 64895.343 | S6: =+B22-N6 -> -9058.6036 | T6: =+S6/B22 -> -0.15866985
A7: BOLIVAR | B7: 806869.42 | C7: 885651.28 | D7: 877901.73 | E7: 870470.12 | F7: 866161.69 | G7: 859183.4 | H7: 852540.08 | I7: =+B23-D7 -> -180439.64 | J7: =+I7/B23 -> -0.25870888 | K7: BOLIVAR | L7: 806865.89 | M7: 881426.91 | N7: 874058.42 | O7: 867020.34 | P7: 862912.82 | Q7: 856283.41 | R7: 849960.28 | S7: =+B23-N7 -> -176596.32 | T7: =+S7/B23 -> -0.25319845
A8: COLMENA | B8: 845959.39 | C8: 935455.35 | D8: 928785.38 | E8: 922342.39 | F8: 918582.4 | G8: 912486.83 | H8: 906598.98 | I8: =+B24-D8 -> -105326.41 | J8: =+I8/B24 -> -0.12790729 | K8: COLMENA | L8: 845985.23 | M8: 931810.58 | N8: 925461.93 | O8: 919323.18 | P8: 915737.47 | Q8: 909920.36 | R8: 904296.31 | S8: =+B24-N8 -> -102002.96 | T8: =+S8/B24 -> -0.12387133
A9: COLPATRIA | B9: 943435.71 | C9: 1130717.6 | D9: 1117249.8 | E9: 1104170 | F9: 1096504 | G9: 1084024.7 | H9: 1071908.6 | I9: =+B25-D9 -> 18108.664 | J9: =+I9/B25 -> 0.015949733 | K9: COLPATRIA | L9: 943430.2 | M9: 1123311.7 | N9: 1110456.5 | O9: 1097961 | P9: 1090633.1 | Q9: 1078696.2 | R9: 1067096.9 | S9: =+B25-N9 -> 24901.919 | T9: =+S9/B25 -> 0.02193309
A10: EQUIDAD | B10: 280152.41 | C10: 345867.02 | D10: 341288.57 | E10: 336827.15 | F10: 334205.29 | G10: 329925.1 | H10: 325754.42 | I10: =+B26-D10 -> -69390.664 | J10: =+I10/B26 -> -0.25520852 | K10: EQUIDAD | L10: 280157.36 | M10: 343353.87 | N10: 338976.38 | O10: 334707.5 | P10: 332197.31 | Q10: 328096.85 | R10: 324098.31 | S10: =+B26-N10 -> -67078.469 | T10: =+S10/B26 -> -0.24670462
A11: GLOBAL | B11: 6973.2416 | C11: 7210.5078 | D11: 7187.5324 | E11: 7165.3492 | F11: 7152.4056 | G11: 7131.7887 | H11: 7111.9879 | I11: =+B27-D11 -> -1241.3236 | J11: =+I11/B27 -> -0.20875883 | K11: GLOBAL | L11: 6973.3774 | M11: 7198.0694 | N11: 7176.2014 | O11: 7155.0549 | P11: 7142.8514 | Q11: 7123.2766 | R11: 7104.4076 | S11: =+B27-N11 -> -1229.9926 | T11: =+S11/B27 -> -0.20685325
A12: MAPFRE | B12: 85079.756 | C12: 100524.03 | D12: 99403.257 | E12: 98314.764 | F12: 97676.398 | G12: 96636.81 | H12: 95627.567 | I12: =+B28-D12 -> -14450.212 | J12: =+I12/B28 -> -0.17009646 | K12: MAPFRE | L12: 85076.941 | M12: 99905.747 | N12: 98835.814 | O12: 97795.699 | P12: 97185.152 | Q12: 96191.062 | R12: 95224.648 | S12: =+B28-N12 -> -13882.769 | T12: =+S12/B28 -> -0.16341697
A13: POSITIVA | B13: 2187418.4 | C13: 2629655.6 | D13: 2597628 | E13: 2566558 | F13: 2548366.1 | G13: 2518782.8 | H13: 2490101.9 | I13: =+B29-D13 -> -630149.07 | J13: =+I13/B29 -> -0.3202825 | K13: POSITIVA | L13: 2187404.3 | M13: 2612082.8 | N13: 2581526.4 | O13: 2551859 | P13: 2534477.9 | Q13: 2506194.6 | R13: 2478752.3 | S13: =+B29-N13 -> -614047.45 | T13: =+S13/B29 -> -0.31209862
A14: SURA | B14: 2860150.3 | C14: 3172886.9 | D14: 3142529.1 | E14: 3113256.5 | F14: 3096206.3 | G14: 3068912.1 | H14: 3042726.2 | I14: =+B30-D14 -> -549659.61 | J14: =+I14/B30 -> -0.21198892 | K14: SURA | L14: 2860063.8 | M14: 3156300.8 | N14: 3127411.5 | O14: 3099538.6 | P14: 3083406.3 | Q14: 3057454.7 | R14: 3032510.6 | S14: =+B30-N14 -> -534541.99 | T14: =+S14/B30 -> -0.20615846
A15: Total | B15: =+SUM(B2:B14) -> 8262780.4 | C15: =+SUM(C2:C14) -> 9476260.5 | D15: =+SUM(D2:D14) -> 9378540.6 | E15: =+SUM(E2:E14) -> 9284006.1 | F15: =+SUM(F2:F14) -> 9228785.2 | G15: =+SUM(G2:G14) -> 9139446.1 | H15: =+SUM(H2:H14) -> 9053221.7 | I15: =+B31-D15 -> -1556196 | J15: =+I15/B31 -> -0.19894239 | K15: Total | L15: =+SUM(L2:L14) -> 8262705 | M15: =+SUM(M2:M14) -> 9422739.4 | N15: =+SUM(N2:N14) -> 9329610.7 | O15: =+SUM(O2:O14) -> 9239481.9 | P15: =+SUM(P2:P14) -> 9186890.8 | Q15: =+SUM(Q2:Q14) -> 9101664.2 | R15: =+SUM(R2:R14) -> 9019306.9 | S15: =+B31-N15 -> -1507266.1 | T15: =+S15/B31 -> -0.19268725
A17: Reserva-2024-01-31 | E17: OBP-2023
A18: COMPANIA | B18: 44592 | E18: Etiquetas de fila | F18: Suma de R1 | G18: Suma de R2 | H18: Suma de Cobertura_AF
A19: ALFA | B19: 65266.768 | E19: 1401 | F19: 94504.603 | G19: 93872.378 | H19: 5.7947358
A20: ALLIANZ | B20: 111134.52 | E20: 1404 | F20: 799256.81 | G20: 783776.85 | H20: 59.23213
A21: AURORA | B21: 9427.3269 | E21: 1407 | F21: 634233.63 | G21: 625552.46 | H21: 53.472878
A22: BBVA SEGUROS | B22: 57090.895 | E22: 1411 | F22: 2002684.1 | G22: 1968023 | H22: 167.47989
A23: BOLIVAR | B23: 697462.1 | E23: 1417 | F23: 59304.468 | G23: 58513.382 | H23: 4.6089349
A24: COLMENA | B24: 823458.98 | E24: 1420 | F24: 5319.2225 | G24: 5289.1988 | H24: 0.39037054
A25: COLPATRIA | B25: 1135358.4 | E25: 1423 | F25: 1876993.3 | G25: 1844636.9 | H25: 139.26095
A26: EQUIDAD | B26: 271897.91 | E26: 1425 | F26: 733594.91 | G26: 726525.72 | H26: 44.161858
A27: GLOBAL | B27: 5946.2088 | E27: 1426 | F27: 49376.27 | G27: 48947.784 | H27: 2.4374083
A28: MAPFRE | B28: 84953.045 | E28: 1429 | F28: 251787.12 | G28: 246573.78 | H28: 21.884005
A29: POSITIVA | B29: 1967478.9 | E29: 1430 | F29: 73131.283 | G29: 72028.28 | H29: 8.5812666
A30: SURA | B30: 2592869.5 | E30: Total general | F30: 6580185.8 | G30: 6473739.7 | H30: 507.30442
A31: Total | B31: =+SUM(B19:B30) -> 7822344.6

Sheet Res_CIA
A1: Desliza | B1: 0 | C1: =+H13 -> 0.0177 | D1: =+H14 -> 0.016742824 | E1: =+H15 -> 0.0157 | F1: 0.0151 | G1: 0.0141 | H1: 0.0131
A2: Tasa | B2: Sin deslizamiento | C2: Con deslizamiento + 10 pt basico | D2: Con deslizamiento | E2: Con deslizamiento - 10 pt basico | F2: Con deslizamiento + 10 pt basico | G2: Con deslizamiento | H2: Con deslizamiento - 10 pt basico
A3: multiplicativo | B3: =+RSV_CIA!B15 -> 8262780.4 | C3: =+RSV_CIA!C15 -> 9476260.5 | D3: =+RSV_CIA!D15 -> 9378540.6 | E3: =+RSV_CIA!E15 -> 9284006.1 | F3: =+RSV_CIA!F15 -> 9228785.2 | G3: =+RSV_CIA!G15 -> 9139446.1 | H3: =+RSV_CIA!H15 -> 9053221.7
C4: =+C3/$B$3-1 -> 0.14686098 | D4: =+D3/$B$3-1 -> 0.13503447 | E4: =+E3/$B$3-1 -> 0.12359347 | F4: =+F3/$B$3-1 -> 0.11691038 | G4: =+G3/$B$3-1 -> 0.10609815 | H4: =+H3/$B$3-1 -> 0.095662873
A5: aditivo | B5: =+RSV_CIA!L15 -> 8262705 | C5: =+RSV_CIA!M15 -> 9422739.4 | D5: =+RSV_CIA!N15 -> 9329610.7 | E5: =+RSV_CIA!O15 -> 9239481.9 | F5: =+RSV_CIA!P15 -> 9186890.8 | G5: =+RSV_CIA!Q15 -> 9101664.2 | H5: =+RSV_CIA!R15 -> 9019306.9
C6: =+C5/$B$5-1 -> 0.14039403 | D6: =+D5/$B$5-1 -> 0.12912305 | E6: =+E5/$B$5-1 -> 0.11821515 | F6: =+F5/$B$5-1 -> 0.11185028 | G6: =+G5/$B$5-1 -> 0.10153567 | H6: =+H5/$B$5-1 -> 0.091568304
B9: Multiplicativo | H9: Multiplicativo | N9: Aditivo
B10: Actual-2023 | D10: -1693968.2 | H10: Actual-2024 | J10: =+I12-I14 -> -1115760.2 | N10: Actual-2024 | P10: =+O12-O14 -> -1066905.7
B11: Deslizamiento | C11: Reserva | D11: Impacto | H11: Deslizamiento | I11: Reserva | J11: Impacto | K11: =+RSV_CIA!B31 -> 7822344.6 | L11: =I12/K11-1 -> 0.056304833 | N11: Deslizamiento | O11: Reserva | P11: Impacto | Q11: =+RSV_CIA!B31 -> 7822344.6 | R11: =O12/Q11-1 -> 0.056295191
B12: - | C12: 7946317.9 | D12: Base | H12: - | I12: =+B3 -> 8262780.4 | J12: Base | N12: - | O12: =+B5 -> 8262705 | P12: Base | T12: 6580185.8
A13: ESC2 | B13: 0.0177 | C13: 9747084 | D13: 0.22661641 | E13: =+C13-$C$12 -> 1800766.1 | F13: =+$D$13-D14 -> 0.013439923 | G13: ESC2 | H13: 0.0177 | I13: =+C3 -> 9476260.5 | J13: =I13/$I$12-1 -> 0.14686098 | K13: =+I13-$I$12 -> 1213480.1 | L13: =+$J$13-J14 -> 0.011826516 | M13: ESC2 | N13: 0.0177 | O13: =+C5 -> 9422739.4 | P13: =O13/$O$12-1 -> 0.14039403 | Q13: =+O13-$O$12 -> 1160034.4 | R13: =+$P$13-P14 -> 0.011270972
A14: ESC0 | B14: 0.016742824 | C14: 9640286.1 | D14: 0.21317649 | E14: =+C14-$C$12 -> 1693968.2 | F14: =+$D$13-D15 -> 0.026480838 | G14: ESC0 | H14: 0.016742824 | I14: =+D3 -> 9378540.6 | J14: =I14/$I$12-1 -> 0.13503447 | K14: =+I14-$I$12 -> 1115760.2 | L14: =+$J$13-J15 -> 0.023267513 | M14: ESC0 | N14: 0.016742824 | O14: =+D5 -> 9329610.7 | P14: =O14/$O$12-1 -> 0.12912305 | Q14: =+O14-$O$12 -> 1066905.7 | R14: =+$P$13-P15 -> 0.022178881
A15: ESC1 | B15: 0.0157 | C15: 9536658.8 | D15: 0.20013558 | E15: =+C15-$C$12 -> 1590340.9 | F15: =+$D$13-D16 -> 0.034129035 | G15: ESC1 | H15: 0.0157 | I15: =+E3 -> 9284006.1 | J15: =I15/$I$12-1 -> 0.12359347 | K15: =+I15-$I$12 -> 1021225.7 | L15: =+$J$13-J16 -> 0.029950609 | M15: ESC1 | N15: 0.0157 | O15: =+E5 -> 9239481.9 | P15: =O15/$O$12-1 -> 0.11821515 | Q15: =+O15-$O$12 -> 976776.88 | R15: =+$P$13-P16 -> 0.028543748
A16: ESC2 | B16: 0.0151 | C16: 9475883.8 | D16: 0.19248738 | E16: =+C16-$C$12 -> 1529565.9 | F16: =+$D$13-D17 -> 0.046549714 | G16: ESC2 | H16: 0.0151 | I16: =+F3 -> 9228785.2 | J16: =I16/$I$12-1 -> 0.11691038 | K16: =+I16-$I$12 -> 966004.76 | L16: =+$J$13-J17 -> 0.040762833 | M16: ESC2 | N16: 0.0151 | O16: =+F5 -> 9186890.8 | P16: =O16/$O$12-1 -> 0.11185028 | Q16: =+O16-$O$12 -> 924185.85 | R16: =+$P$13-P17 -> 0.038858359
A17: ESC0 | B17: 0.0141 | C17: 9377185.2 | D17: 0.1800667 | E17: =+C17-$C$12 -> 1430867.2 | F17: =+$D$13-D18 -> 0.058596435 | G17: ESC0 | H17: 0.0141 | I17: =+G3 -> 9139446.1 | J17: =I17/$I$12-1 -> 0.10609815 | K17: =+I17-$I$12 -> 876665.72 | L17: =+$J$13-J18 -> 0.051198112 | M17: ESC0 | N17: 0.0141 | O17: =+G5 -> 9101664.2 | P17: =O17/$O$12-1 -> 0.10153567 | Q17: =+O17-$O$12 -> 838959.27 | R17: =+$P$13-P18 -> 0.048825723
A18: ESC1 | B18: 0.0131 | C18: 9281458.1 | D18: 0.16801998 | E18: =+C18-$C$12 -> 1335140.2 | F18: =+$D$13-#REF! -> #REF! | G18: ESC1 | H18: 0.0131 | I18: =+H3 -> 9053221.7 | J18: =I18/$I$12-1 -> 0.095662873 | K18: =+I18-$I$12 -> 790441.31 | L18: =+$J$13-D19 -> 0.14686098 | M18: ESC1 | N18: 0.0131 | O18: =+H5 -> 9019306.9 | P18: =O18/$O$12-1 -> 0.091568304 | Q18: =+O18-$O$12 -> 756601.88 | R18: =+$P$13-P19 -> 0.14039403

Sheet RSV_CIA_TPO
A1: Con cambios en valor de la mesada (ene2024) | B1: Deslizamiento-multiplicativo Vejez | J1: Con cambios en valor de la mesada (ene2024) | K1: Deslizamiento-multiplicativo Sobre | S1: Con cambios en valor de la mesada (ene2024) | T1: Deslizamiento-multiplicativo Aux | AB1: Con cambios en valor de la mesada (ene2024) | AC1: Deslizamiento-multiplicativo TOTAL | AK1: validación
A2: COMPANIA | B2: 0 | C2: 0.0177 | D2: 0.016742824 | E2: 0.0157 | F2: =+G2+0.001 -> 0.0151 | G2: 0.0141 | H2: 0.0131 | J2: COMPANIA | K2: 0 | L2: 0.0177 | M2: 0.016742824 | N2: 0.0157 | O2: =+P2+0.001 -> 0.0151 | P2: 0.0141 | Q2: 0.0131 | S2: COMPANIA | T2: 0 | U2: 0.0177 | V2: 0.016742824 | W2: 0.0157 | X2: =+Y2+0.001 -> 0.0151 | Y2: 0.0141 | Z2: 0.0131 | AB2: COMPANIA | AC2: 0 | AD2: 0.0177 | AE2: 0.016742824 | AF2: 0.0157 | AG2: =+AH2+0.001 -> 0.0151 | AH2: 0.0141 | AI2: 0.0131
A3: ALFA | B3: 16909.343 | C3: 18890.836 | D3: 18754.735 | E3: 18621.756 | F3: 18543.367 | G3: 18415.247 | H3: 18290.124 | J3: ALFA | K3: 51515.313 | L3: 58037.398 | M3: 57551.47 | N3: 57080.672 | O3: 56805.297 | P3: 56358.017 | Q3: 55924.951 | S3: ALFA | T3: 1202.5399 | U3: 1202.5399 | V3: 1202.5399 | W3: 1202.5399 | X3: 1202.5399 | Y3: 1202.5399 | Z3: 1202.5399 | AB3: ALFA | AC3: =+T3+K3+B3 -> 69627.197 | AD3: =+U3+L3+C3 -> 78130.774 | AE3: =+V3+M3+D3 -> 77508.745 | AF3: =+W3+N3+E3 -> 76904.969 | AG3: =+X3+O3+F3 -> 76551.204 | AH3: =+Y3+P3+G3 -> 75975.804 | AI3: =+Z3+Q3+H3 -> 75417.615 | AK3: =+AC3-RSV_CIA!B3 -> 0 | AL3: =+AD3-RSV_CIA!C3 -> 0 | AM3: =+AE3-RSV_CIA!D3 -> 0 | AN3: =+AF3-RSV_CIA!E3 -> 0 | AO3: =+AG3-RSV_CIA!F3 -> 0 | AP3: =+AH3-RSV_CIA!G3 -> 0 | AQ3: =+AI3-RSV_CIA!H3 -> 0
A4: ALLIANZ | B4: 24477.622 | C4: 25935.249 | D4: 25833.589 | E4: 25734.519 | F4: 25676.26 | G4: 25581.161 | H4: 25488.468 | J4: ALLIANZ | K4: 81392.624 | L4: 87036.724 | M4: 86589.565 | N4: 86159.028 | O4: 85908.584 | P4: 85504.142 | Q4: 85115.343 | S4: ALLIANZ | T4: 501.90646 | U4: 501.90646 | V4: 501.90646 | W4: 501.90646 | X4: 501.90646 | Y4: 501.90646 | Z4: 501.90646 | AB4: ALLIANZ | AC4: =+T4+K4+B4 -> 106372.15 | AD4: =+U4+L4+C4 -> 113473.88 | AE4: =+V4+M4+D4 -> 112925.06 | AF4: =+W4+N4+E4 -> 112395.45 | AG4: =+X4+O4+F4 -> 112086.75 | AH4: =+Y4+P4+G4 -> 111587.21 | AI4: =+Z4+Q4+H4 -> 111105.72 | AK4: =+AC4-RSV_CIA!B4 -> -1.891749e-10 | AL4: =+AD4-RSV_CIA!C4 -> 0 | AM4: =+AE4-RSV_CIA!D4 -> -3.6379788e-10 | AN4: =+AF4-RSV_CIA!E4 -> 0 | AO4: =+AG4-RSV_CIA!F4 -> 2.1827873e-10 | AP4: =+AH4-RSV_CIA!G4 -> 2.1827873e-10 | AQ4: =+AI4-RSV_CIA!H4 -> 2.1827873e-10
A5: AURORA | B5: 866.29816 | C5: 982.9947 | D5: 974.87386 | E5: 966.87058 | F5: 962.12415 | G5: 954.37277 | H5: 946.7395 | J5: AURORA | K5: 6965.145 | L5: 8901.1902 | M5: 8769.8813 | N5: 8641.4664 | O5: 8565.7745 | P5: 8441.8465 | Q5: 8320.6186 | S5: AURORA | T5: 36.700361 | U5: 36.700361 | V5: 36.700361 | W5: 36.700361 | X5: 36.700361 | Y5: 36.700361 | Z5: 36.700361 | AB5: AURORA | AC5: =+T5+K5+B5 -> 7868.1435 | AD5: =+U5+L5+C5 -> 9920.8853 | AE5: =+V5+M5+D5 -> 9781.4555 | AF5: =+W5+N5+E5 -> 9645.0373 | AG5: =+X5+O5+F5 -> 9564.599 | AH5: =+Y5+P5+G5 -> 9432.9197 | AI5: =+Z5+Q5+H5 -> 9304.0585 | AK5: =+AC5-RSV_CIA!B5 -> 0 | AL5: =+AD5-RSV_CIA!C5 -> 0 | AM5: =+AE5-RSV_CIA!D5 -> 0 | AN5: =+AF5-RSV_CIA!E5 -> 0 | AO5: =+AG5-RSV_CIA!F5 -> 0 | AP5: =+AH5-RSV_CIA!G5 -> 0 | AQ5: =+AI5-RSV_CIA!H5 -> 0
A6: BBVA SEGUROS | B6: 7779.8994 | C6: 8223.658 | D6: 8178.1011 | E6: 8133.822 | F6: 8107.8719 | G6: 8066.5992 | H6: 8026.886 | J6: BBVA SEGUROS | K6: 54795.135 | L6: 58243.645 | M6: 57874.58 | N6: 57523.316 | O6: 57320.876 | P6: 57000.75 | Q6: 56698.515 | S6: BBVA SEGUROS | T6: 299.2485 | U6: 299.2485 | V6: 299.2485 | W6: 299.2485 | X6: 299.2485 | Y6: 299.2485 | Z6: 299.2485 | AB6: BBVA SEGUROS | AC6: =+T6+K6+B6 -> 62874.283 | AD6: =+U6+L6+C6 -> 66766.552 | AE6: =+V6+M6+D6 -> 66351.93 | AF6: =+W6+N6+E6 -> 65956.386 | AG6: =+X6+O6+F6 -> 65727.997 | AH6: =+Y6+P6+G6 -> 65366.598 | AI6: =+Z6+Q6+H6 -> 65024.649 | AK6: =+AC6-RSV_CIA!B6 -> 0 | AL6: =+AD6-RSV_CIA!C6 -> 0 | AM6: =+AE6-RSV_CIA!D6 -> 0 | AN6: =+AF6-RSV_CIA!E6 -> 0 | AO6: =+AG6-RSV_CIA!F6 -> 0 | AP6: =+AH6-RSV_CIA!G6 -> 0 | AQ6: =+AI6-RSV_CIA!H6 -> 0
A7: BOLIVAR | B7: 213975.08 | C7: 230614.11 | D7: 228935.23 | E7: 227322.71 | F7: 226387.14 | G7: 224865.2 | H7: 223419.05 | J7: BOLIVAR | K7: 575394.74 | L7: 637537.56 | M7: 631466.9 | N7: 625647.81 | O7: 622274.95 | P7: 616818.6 | Q7: 611621.43 | S7: BOLIVAR | T7: 17499.604 | U7: 17499.604 | V7: 17499.604 | W7: 17499.604 | X7: 17499.604 | Y7: 17499.604 | Z7: 17499.604 | AB7: BOLIVAR | AC7: =+T7+K7+B7 -> 806869.42 | AD7: =+U7+L7+C7 -> 885651.28 | AE7: =+V7+M7+D7 -> 877901.73 | AF7: =+W7+N7+E7 -> 870470.12 | AG7: =+X7+O7+F7 -> 866161.69 | AH7: =+Y7+P7+G7 -> 859183.4 | AI7: =+Z7+Q7+H7 -> 852540.08 | AK7: =+AC7-RSV_CIA!B7 -> 0 | AL7: =+AD7-RSV_CIA!C7 -> 0 | AM7: =+AE7-RSV_CIA!D7 -> -9.3132257e-10 | AN7: =+AF7-RSV_CIA!E7 -> 0 | AO7: =+AG7-RSV_CIA!F7 -> 0 | AP7: =+AH7-RSV_CIA!G7 -> 0 | AQ7: =+AI7-RSV_CIA!H7 -> 0
A8: COLMENA | B8: 174510.92 | C8: 194365.72 | D8: 192973.17 | E8: 191616 | F8: 190818.34 | G8: 189516.3 | H8: 188247.8 | J8: COLMENA | K8: 668042.41 | L8: 737683.57 | M8: 732406.15 | N8: 727320.33 | O8: 724358 | P8: 719564.47 | Q8: 714945.11 | S8: COLMENA | T8: 3406.0607 | U8: 3406.0607 | V8: 3406.0607 | W8: 3406.0607 | X8: 3406.0607 | Y8: 3406.0607 | Z8: 3406.0607 | AB8: COLMENA | AC8: =+T8+K8+B8 -> 845959.39 | AD8: =+U8+L8+C8 -> 935455.35 | AE8: =+V8+M8+D8 -> 928785.38 | AF8: =+W8+N8+E8 -> 922342.39 | AG8: =+X8+O8+F8 -> 918582.4 | AH8: =+Y8+P8+G8 -> 912486.83 | AI8: =+Z8+Q8+H8 -> 906598.98 | AK8: =+AC8-RSV_CIA!B8 -> 0 | AL8: =+AD8-RSV_CIA!C8 -> 0 | AM8: =+AE8-RSV_CIA!D8 -> 0 | AN8: =+AF8-RSV_CIA!E8 -> 0 | AO8: =+AG8-RSV_CIA!F8 -> 0 | AP8: =+AH8-RSV_CIA!G8 -> 0 | AQ8: =+AI8-RSV_CIA!H8 -> 0
A9: COLPATRIA | B9: 227062.64 | C9: 267040.94 | D9: 264310.64 | E9: 261642.31 | F9: 260070.15 | G9: 257497.97 | H9: 254984.73 | J9: COLPATRIA | K9: 695052.98 | L9: 842356.58 | M9: 831619.03 | N9: 821207.57 | O9: 815113.8 | P9: 805206.67 | Q9: 795603.75 | S9: COLPATRIA | T9: 21320.097 | U9: 21320.097 | V9: 21320.097 | W9: 21320.097 | X9: 21320.097 | Y9: 21320.097 | Z9: 21320.097 | AB9: COLPATRIA | AC9: =+T9+K9+B9 -> 943435.71 | AD9: =+U9+L9+C9 -> 1130717.6 | AE9: =+V9+M9+D9 -> 1117249.8 | AF9: =+W9+N9+E9 -> 1104170 | AG9: =+X9+O9+F9 -> 1096504 | AH9: =+Y9+P9+G9 -> 1084024.7 | AI9: =+Z9+Q9+H9 -> 1071908.6 | AK9: =+AC9-RSV_CIA!B9 -> 0 | AL9: =+AD9-RSV_CIA!C9 -> 1.8626451e-09 | AM9: =+AE9-RSV_CIA!D9 -> -2.0954758e-09 | AN9: =+AF9-RSV_CIA!E9 -> -3.9581209e-09 | AO9: =+AG9-RSV_CIA!F9 -> -2.3283064e-09 | AP9: =+AH9-RSV_CIA!G9 -> 3.7252903e-09 | AQ9: =+AI9-RSV_CIA!H9 -> 3.0267984e-09
A10: EQUIDAD | B10: 71881.094 | C10: 85407.696 | D10: 84499.861 | E10: 83611.005 | F10: 83086.597 | G10: 82227.286 | H10: 81385.934 | J10: EQUIDAD | K10: 205296.14 | L10: 257484.16 | M10: 253813.54 | N10: 250240.98 | O10: 248143.52 | P10: 244722.65 | Q10: 241393.32 | S10: EQUIDAD | T10: 2975.17 | U10: 2975.17 | V10: 2975.17 | W10: 2975.17 | X10: 2975.17 | Y10: 2975.17 | Z10: 2975.17 | AB10: EQUIDAD | AC10: =+T10+K10+B10 -> 280152.41 | AD10: =+U10+L10+C10 -> 345867.02 | AE10: =+V10+M10+D10 -> 341288.57 | AF10: =+W10+N10+E10 -> 336827.15 | AG10: =+X10+O10+F10 -> 334205.29 | AH10: =+Y10+P10+G10 -> 329925.1 | AI10: =+Z10+Q10+H10 -> 325754.42 | AK10: =+AC10-RSV_CIA!B10 -> 0 | AL10: =+AD10-RSV_CIA!C10 -> 0 | AM10: =+AE10-RSV_CIA!D10 -> 0 | AN10: =+AF10-RSV_CIA!E10 -> 0 | AO10: =+AG10-RSV_CIA!F10 -> 0 | AP10: =+AH10-RSV_CIA!G10 -> -5.8207661e-10 | AQ10: =+AI10-RSV_CIA!H10 -> 5.2386895e-10
A11: GLOBAL | B11: 1546.5662 | C11: 1561.7614 | D11: 1559.9278 | E11: 1558.181 | F11: 1557.177 | G11: 1555.6296 | H11: 1554.1783 | J11: GLOBAL | K11: 5353.1814 | L11: 5575.2524 | M11: 5554.1105 | N11: 5533.6742 | O11: 5521.7346 | P11: 5502.6651 | Q11: 5484.3155 | S11: GLOBAL | T11: 73.494021 | U11: 73.494021 | V11: 73.494021 | W11: 73.494021 | X11: 73.494021 | Y11: 73.494021 | Z11: 73.494021 | AB11: GLOBAL | AC11: =+T11+K11+B11 -> 6973.2416 | AD11: =+U11+L11+C11 -> 7210.5078 | AE11: =+V11+M11+D11 -> 7187.5324 | AF11: =+W11+N11+E11 -> 7165.3492 | AG11: =+X11+O11+F11 -> 7152.4056 | AH11: =+Y11+P11+G11 -> 7131.7887 | AI11: =+Z11+Q11+H11 -> 7111.9879 | AK11: =+AC11-RSV_CIA!B11 -> 0 | AL11: =+AD11-RSV_CIA!C11 -> 9.094947e-12 | AM11: =+AE11-RSV_CIA!D11 -> -1.0913936e-11 | AN11: =+AF11-RSV_CIA!E11 -> 0 | AO11: =+AG11-RSV_CIA!F11 -> 0 | AP11: =+AH11-RSV_CIA!G11 -> 0 | AQ11: =+AI11-RSV_CIA!H11 -> 0
A12: MAPFRE | B12: 32789.591 | C12: 37938.497 | D12: 37569.753 | E12: 37210.519 | F12: 36999.126 | G12: 36653.737 | H12: 36317.342 | J12: MAPFRE | K12: 49191.65 | L12: 59487.013 | M12: 58734.988 | N12: 58005.728 | O12: 57578.756 | P12: 56884.557 | Q12: 56211.709 | S12: MAPFRE | T12: 3098.5159 | U12: 3098.5159 | V12: 3098.5159 | W12: 3098.5159 | X12: 3098.5159 | Y12: 3098.5159 | Z12: 3098.5159 | AB12: MAPFRE | AC12: =+T12+K12+B12 -> 85079.756 | AD12: =+U12+L12+C12 -> 100524.03 | AE12: =+V12+M12+D12 -> 99403.257 | AF12: =+W12+N12+E12 -> 98314.764 | AG12: =+X12+O12+F12 -> 97676.398 | AH12: =+Y12+P12+G12 -> 96636.81 | AI12: =+Z12+Q12+H12 -> 95627.567 | AK12: =+AC12-RSV_CIA!B12 -> 0 | AL12: =+AD12-RSV_CIA!C12 -> -1.3096724e-10 | AM12: =+AE12-RSV_CIA!D12 -> 0 | AN12: =+AF12-RSV_CIA!E12 -> 0 | AO12: =+AG12-RSV_CIA!F12 -> 0 | AP12: =+AH12-RSV_CIA!G12 -> 0 | AQ12: =+AI12-RSV_CIA!H12 -> 0
A13: POSITIVA | B13: 510465.09 | C13: 595857.86 | D13: 590042.74 | E13: 584359.57 | F13: 581011.69 | G13: 575533.82 | H13: 570180.59 | J13: POSITIVA | K13: 1628281.3 | L13: 1985125.8 | M13: 1958913.3 | N13: 1933526.5 | O13: 1918682.4 | P13: 1894577 | Q13: 1871249.3 | S13: POSITIVA | T13: 48671.982 | U13: 48671.982 | V13: 48671.982 | W13: 48671.982 | X13: 48671.982 | Y13: 48671.982 | Z13: 48671.982 | AB13: POSITIVA | AC13: =+T13+K13+B13 -> 2187418.4 | AD13: =+U13+L13+C13 -> 2629655.6 | AE13: =+V13+M13+D13 -> 2597628 | AF13: =+W13+N13+E13 -> 2566558 | AG13: =+X13+O13+F13 -> 2548366.1 | AH13: =+Y13+P13+G13 -> 2518782.8 | AI13: =+Z13+Q13+H13 -> 2490101.9 | AK13: =+AC13-RSV_CIA!B13 -> 0 | AL13: =+AD13-RSV_CIA!C13 -> 0 | AM13: =+AE13-RSV_CIA!D13 -> -3.7252903e-09 | AN13: =+AF13-RSV_CIA!E13 -> -6.9849193e-09 | AO13: =+AG13-RSV_CIA!F13 -> 0 | AP13: =+AH13-RSV_CIA!G13 -> 3.7252903e-09 | AQ13: =+AI13-RSV_CIA!H13 -> 6.9849193e-09
A14: SURA | B14: 811687.93 | C14: 879210.41 | D14: 872410.62 | E14: 865828.96 | F14: 861984.56 | G14: 855854.28 | H14: 849969.47 | J14: SURA | K14: 1950284.1 | L14: 2195498.3 | M14: 2171940.3 | N14: 2149249.2 | O14: 2136043.4 | P14: 2114879.5 | Q14: 2094578.4 | S14: SURA | T14: 98178.257 | U14: 98178.257 | V14: 98178.257 | W14: 98178.257 | X14: 98178.257 | Y14: 98178.257 | Z14: 98178.257 | AB14: SURA | AC14: =+T14+K14+B14 -> 2860150.3 | AD14: =+U14+L14+C14 -> 3172886.9 | AE14: =+V14+M14+D14 -> 3142529.1 | AF14: =+W14+N14+E14 -> 3113256.5 | AG14: =+X14+O14+F14 -> 3096206.3 | AH14: =+Y14+P14+G14 -> 3068912.1 | AI14: =+Z14+Q14+H14 -> 3042726.2 | AK14: =+AC14-RSV_CIA!B14 -> 6.519258e-09 | AL14: =+AD14-RSV_CIA!C14 -> 5.5879354e-09 | AM14: =+AE14-RSV_CIA!D14 -> 0 | AN14: =+AF14-RSV_CIA!E14 -> -6.519258e-09 | AO14: =+AG14-RSV_CIA!F14 -> -6.0535967e-09 | AP14: =+AH14-RSV_CIA!G14 -> 0 | AQ14: =+AI14-RSV_CIA!H14 -> 0
A15: Total | B15: =+SUM(B2:B14) -> 2093952.1 | C15: =+SUM(C2:C14) -> 2346029.7 | D15: =+SUM(D2:D14) -> 2326043.3 | E15: =+SUM(E2:E14) -> 2306606.2 | F15: =+SUM(F2:F14) -> 2295204.4 | G15: =+SUM(G2:G14) -> 2276721.6 | H15: =+SUM(H2:H14) -> 2258811.3 | J15: Total | K15: =+SUM(K2:K14) -> 5971564.8 | L15: =+SUM(L2:L14) -> 6932967.2 | M15: =+SUM(M2:M14) -> 6855233.7 | N15: =+SUM(N2:N14) -> 6780136.3 | O15: =+SUM(O2:O14) -> 6736317.2 | P15: =+SUM(P2:P14) -> 6665461 | Q15: =+SUM(Q2:Q14) -> 6597146.8 | S15: Total | T15: =+SUM(T2:T14) -> 197263.58 | U15: =+SUM(U2:U14) -> 197263.59 | V15: =+SUM(V2:V14) -> 197263.59 | W15: =+SUM(W2:W14) -> 197263.59 | X15: =+SUM(X2:X14) -> 197263.59 | Y15: =+SUM(Y2:Y14) -> 197263.59 | Z15: =+SUM(Z2:Z14) -> 197263.59 | AB15: Total | AC15: =+SUM(AC2:AC14) -> 8262780.4 | AD15: =+SUM(AD2:AD14) -> 9476260.5 | AE15: =+SUM(AE2:AE14) -> 9378540.6 | AF15: =+SUM(AF2:AF14) -> 9284006.1 | AG15: =+SUM(AG2:AG14) -> 9228785.2 | AH15: =+SUM(AH2:AH14) -> 9139446.1 | AI15: =+SUM(AI2:AI14) -> 9053221.7 | AK15: =+AC15-RSV_CIA!B15 -> 0 | AL15: =+AD15-RSV_CIA!C15 -> 0 | AM15: =+AE15-RSV_CIA!D15 -> 0 | AN15: =+AF15-RSV_CIA!E15 -> -1.6763806e-08 | AO15: =+AG15-RSV_CIA!F15 -> 0 | AP15: =+AH15-RSV_CIA!G15 -> 0 | AQ15: =+AI15-RSV_CIA!H15 -> 0
A17: Reserva-2024-01-31
A18: COMPANIA | B18: ipc_vejez_394 | C18: ipc_sobre_394 | D18: ipc_AUX_FUN_394 | E18: ipc_TOTAL_394
A19: ALFA | B19: 22587.489 | C19: 41920.14 | D19: 207.87049 | E19: 65266.768
A20: ALLIANZ | B20: 22281.176 | C20: 88647.516 | D20: 205.82496 | E20: 111134.52
A21: AURORA | B21: 1679.3386 | C21: 7678.0348 | D21: 23.051266 | E21: 9427.3269
A22: BBVA SEGUROS | B22: 10426.266 | C22: 46560.445 | D22: 104.1846 | E22: 57090.895
A23: BOLIVAR | B23: 177808.45 | C23: 514600.47 | D23: 2316.3013 | E23: 697462.1
A24: COLMENA | B24: 169438.29 | C24: 648244.73 | D24: 2086.986 | E24: 823458.98
A25: COLPATRIA | B25: 269076.08 | C25: 846386.72 | D25: 3930.5549 | E25: 1135358.4
A26: EQUIDAD | B26: 69334.141 | C26: 201505.8 | D26: 1057.9616 | E26: 271897.91
A27: GLOBAL | B27: 2710.4088 | C27: 3219.4065 | D27: 16.393552 | E27: 5946.2088
A28: MAPFRE | B28: 33303.738 | C28: 51198.392 | D28: 450.91528 | E28: 84953.045
A29: POSITIVA | B29: 467976.15 | C29: 1493350.2 | D29: 6152.5823 | E29: 1967478.9
A30: SURA | B30: 947354.6 | C30: 1373974.3 | D30: 8321.0961 | E30: 2592869.5
B31: =+SUM(B19:B30) -> 2193976.1 | C31: =+SUM(C19:C30) -> 5317286.1 | D31: =+SUM(D19:D30) -> 24873.722 | E31: =+SUM(E19:E30) -> 7822344.6

Sheet Res_CIA_TPO
A1: Desliza | B1: 0 | C1: =+B13 -> 0.0177 | D1: =+B14 -> 0.016742824 | E1: =+B15 -> 0.0157 | F1: 0.0151 | G1: 0.0141 | H1: 0.0131
A2: Tasa | B2: Sin deslizamiento | C2: Con deslizamiento + 10 pt basico | D2: Con deslizamiento | E2: Con deslizamiento - 10 pt basico | F2: Con deslizamiento + 10 pt basico | G2: Con deslizamiento | H2: Con deslizamiento - 10 pt basico
A3: vejez | B3: =+RSV_CIA_TPO!B15 -> 2093952.1 | C3: =+RSV_CIA_TPO!C15 -> 2346029.7 | D3: =+RSV_CIA_TPO!D15 -> 2326043.3 | E3: =+RSV_CIA_TPO!E15 -> 2306606.2 | F3: =+RSV_CIA_TPO!F15 -> 2295204.4 | G3: =+RSV_CIA_TPO!G15 -> 2276721.6 | H3: =+RSV_CIA_TPO!H15 -> 2258811.3 | J3: =+C3/$B$3-1 -> 0.12038369 | K3: =+D3/$B$3-1 -> 0.11083882 | L3: =+E3/$B$3-1 -> 0.10155636 | M3: =+F3/$B$3-1 -> 0.096111239 | N3: =+G3/$B$3-1 -> 0.087284489 | O3: =+H3/$B$3-1 -> 0.07873114
A4: sobre | B4: =+RSV_CIA_TPO!K15 -> 5971564.8 | C4: =+RSV_CIA_TPO!L15 -> 6932967.2 | D4: =+RSV_CIA_TPO!M15 -> 6855233.7 | E4: =+RSV_CIA_TPO!N15 -> 6780136.3 | F4: =+RSV_CIA_TPO!O15 -> 6736317.2 | G4: =+RSV_CIA_TPO!P15 -> 6665461 | H4: =+RSV_CIA_TPO!Q15 -> 6597146.8 | J4: =+C4/$B$4-1 -> 0.16099673 | K4: =+D4/$B$4-1 -> 0.14797947 | L4: =+E4/$B$4-1 -> 0.13540363 | M4: =+F4/$B$4-1 -> 0.12806567 | N4: =+G4/$B$4-1 -> 0.11620006 | O4: =+H4/$B$4-1 -> 0.10476016
A5: aux | B5: =+RSV_CIA_TPO!T15 -> 197263.58 | C5: =+RSV_CIA_TPO!U15 -> 197263.59 | D5: =+RSV_CIA_TPO!V15 -> 197263.59 | E5: =+RSV_CIA_TPO!W15 -> 197263.59 | F5: =+RSV_CIA_TPO!X15 -> 197263.59 | G5: =+RSV_CIA_TPO!Y15 -> 197263.59 | H5: =+RSV_CIA_TPO!Z15 -> 197263.59 | I5: Verificar | J5: =+C5/$B$5-1 -> 8.9727664e-08 | K5: =+D5/$B$5-1 -> 8.4875393e-08 | L5: =+E5/$B$5-1 -> 7.9588945e-08 | M5: =+F5/$B$5-1 -> 7.6547329e-08 | N5: =+G5/$B$5-1 -> 7.147797e-08 | O5: =+H5/$B$5-1 -> 6.640861e-08
A6: total | B6: =+RSV_CIA_TPO!AC15 -> 8262780.4 | C6: =+RSV_CIA_TPO!AD15 -> 9476260.5 | D6: =+RSV_CIA_TPO!AE15 -> 9378540.6 | E6: =+RSV_CIA_TPO!AF15 -> 9284006.1 | F6: =+RSV_CIA_TPO!AG15 -> 9228785.2 | G6: =+RSV_CIA_TPO!AH15 -> 9139446.1 | H6: =+RSV_CIA_TPO!AI15 -> 9053221.7 | J6: =+C6/$B$6-1 -> 0.14686098 | K6: =+D6/$B$6-1 -> 0.13503447 | L6: =+E6/$B$6-1 -> 0.12359347 | M6: =+F6/$B$6-1 -> 0.11691038 | N6: =+G6/$B$6-1 -> 0.10609815 | O6: =+H6/$B$6-1 -> 0.095662873
B7: =+SUM(B3:B5)-B6 -> 0 | C7: =+SUM(C3:C5)-C6 -> 0.035400001 | D7: =+SUM(D3:D5)-D6 -> 0.033485647 | E7: =+SUM(E3:E5)-E6 -> 0.031400001 | F7: =+SUM(F3:F5)-F6 -> 0.030200001 | G7: =+SUM(G3:G5)-G6 -> 0.028199999 | H7: =+SUM(H3:H5)-H6 -> 0.0262
B9: vejez | G9: sobre | L9: Aux | Q9: Total
B10: Actual-2024 | D10: =+C12-C14 -> -232091.18 | F10: verificar | G10: Actual-2024 | I10: =+H12-H14 -> -883668.99 | L10: Actual-2024 | N10: =+M12-M14 -> -0.016742824 | Q10: Actual-2024 | S10: =+R12-R14 -> -1115760.2
B11: Deslizamiento | C11: Reserva | D11: Impacto | E11: =+RSV_CIA_TPO!B31 -> 2193976.1 | F11: =C12/E11-1 -> -0.045590315 | G11: Deslizamiento | H11: Reserva | I11: Impacto | J11: =+RSV_CIA_TPO!C31 -> 5317286.1 | K11: =H12/J11-1 -> 0.12304747 | L11: Deslizamiento | M11: Reserva | N11: Impacto | O11: =+RSV_CIA_TPO!D31 -> 24873.722 | P11: =M12/O11-1 -> 6.9306014 | Q11: Deslizamiento | R11: Reserva | S11: Impacto | T11: =+RSV_CIA_TPO!E31 -> 7822344.6 | U11: =R12/T11-1 -> 0.056304833
B12: - | C12: =+B3 -> 2093952.1 | D12: Base | G12: - | H12: =+B4 -> 5971564.8 | I12: Base | L12: - | M12: =+B5 -> 197263.58 | N12: Base | Q12: - | R12: =+B6 -> 8262780.4 | S12: Base
A13: ESC2 | B13: 0.0177 | C13: =+C3 -> 2346029.7 | D13: =C13/$C$12-1 -> 0.12038369 | E13: =+C13-$C$12 -> 252077.67 | F13: =+$D$13-D14 -> 0.0095448644 | G13: 0.0177 | H13: =+C4 -> 6932967.2 | I13: =H13/$H$12-1 -> 0.16099673 | J13: =+H13-$H$12 -> 961402.41 | K13: =+$I$13-I14 -> 0.013017261 | L13: 0.0177 | M13: =+C5 -> 197263.59 | N13: =M13/$M$12-1 -> 8.9727664e-08 | O13: =+M13-$M$12 -> 0.0177 | P13: =+$N$13-N14 -> 4.8522717e-09 | Q13: 0.0177 | R13: =+C6 -> 9476260.5 | S13: =R13/$R$12-1 -> 0.14686098 | T13: =+R13-$M$12 -> 9278996.9 | U13: =+$N$13-S14 -> -0.13503438
A14: ESC0 | B14: 0.016742824 | C14: =+D3 -> 2326043.3 | D14: =C14/$C$12-1 -> 0.11083882 | E14: =+C14-$C$12 -> 232091.18 | F14: =+$D$13-D15 -> 0.018827323 | G14: 0.016742824 | H14: =+D4 -> 6855233.7 | I14: =H14/$H$12-1 -> 0.14797947 | J14: =+H14-$H$12 -> 883668.99 | K14: =+$I$13-I15 -> 0.025593097 | L14: 0.016742824 | M14: =+D5 -> 197263.59 | N14: =M14/$M$12-1 -> 8.4875393e-08 | O14: =+M14-$M$12 -> 0.016742824 | P14: =+$N$13-N15 -> 1.0138719e-08 | Q14: 0.016742824 | R14: =+D6 -> 9378540.6 | S14: =R14/$R$12-1 -> 0.13503447 | T14: =+R14-$M$12 -> 9181277 | U14: =+$N$13-S15 -> -0.12359338
A15: ESC1 | B15: 0.0157 | C15: =+E3 -> 2306606.2 | D15: =C15/$C$12-1 -> 0.10155636 | E15: =+C15-$C$12 -> 212654.16 | F15: =+$D$13-D16 -> 0.024272447 | G15: 0.0157 | H15: =+E4 -> 6780136.3 | I15: =H15/$H$12-1 -> 0.13540363 | J15: =+H15-$H$12 -> 808571.57 | K15: =+$I$13-I16 -> 0.032931062 | L15: 0.0157 | M15: =+E5 -> 197263.59 | N15: =M15/$M$12-1 -> 7.9588945e-08 | O15: =+M15-$M$12 -> 0.0157 | P15: =+$N$13-N16 -> 1.3180335e-08 | Q15: 0.0157 | R15: =+E6 -> 9284006.1 | S15: =R15/$R$12-1 -> 0.12359347 | T15: =+R15-$M$12 -> 9086742.5 | U15: =+$N$13-S16 -> -0.11691029
A16: ESC2 | B16: 0.0151 | C16: =+F3 -> 2295204.4 | D16: =C16/$C$12-1 -> 0.096111239 | E16: =+C16-$C$12 -> 201252.33 | F16: =+$D$13-D17 -> 0.033099197 | G16: 0.0151 | H16: =+F4 -> 6736317.2 | I16: =H16/$H$12-1 -> 0.12806567 | J16: =+H16-$H$12 -> 764752.44 | K16: =+$I$13-I17 -> 0.044796669 | L16: 0.0151 | M16: =+F5 -> 197263.59 | N16: =M16/$M$12-1 -> 7.6547329e-08 | O16: =+M16-$M$12 -> 0.0151 | P16: =+$N$13-N17 -> 1.8249694e-08 | Q16: 0.0151 | R16: =+F6 -> 9228785.2 | S16: =R16/$R$12-1 -> 0.11691038 | T16: =+R16-$M$12 -> 9031521.6 | U16: =+$N$13-S17 -> -0.10609806
A17: ESC0 | B17: 0.0141 | C17: =+G3 -> 2276721.6 | D17: =C17/$C$12-1 -> 0.087284489 | E17: =+C17-$C$12 -> 182769.54 | F17: =+$D$13-D18 -> 0.041652547 | G17: 0.0141 | H17: =+G4 -> 6665461 | I17: =H17/$H$12-1 -> 0.11620006 | J17: =+H17-$H$12 -> 693896.2 | K17: =+$I$13-I18 -> 0.05623657 | L17: 0.0141 | M17: =+G5 -> 197263.59 | N17: =M17/$M$12-1 -> 7.147797e-08 | O17: =+M17-$M$12 -> 0.0141 | P17: =+$N$13-N18 -> 2.3319054e-08 | Q17: 0.0141 | R17: =+G6 -> 9139446.1 | S17: =R17/$R$12-1 -> 0.10609815 | T17: =+R17-$M$12 -> 8942182.6 | U17: =+$N$13-S18 -> -0.095662783
A18: ESC1 | B18: 0.0131 | C18: =+H3 -> 2258811.3 | D18: =C18/$C$12-1 -> 0.07873114 | E18: =+C18-$C$12 -> 164859.23 | G18: 0.0131 | H18: =+H4 -> 6597146.8 | I18: =H18/$H$12-1 -> 0.10476016 | J18: =+H18-$H$12 -> 625582.09 | L18: 0.0131 | M18: =+H5 -> 197263.59 | N18: =M18/$M$12-1 -> 6.640861e-08 | O18: =+M18-$M$12 -> 0.0131 | Q18: 0.0131 | R18: =+H6 -> 9053221.7 | S18: =R18/$R$12-1 -> 0.095662873 | T18: =+R18-$M$12 -> 8855958.1
